"filename", "language", "JavaScript", "Vue", "TypeScript", "HTML", "CSS", "SCSS", "XML", "comment", "blank", "total"
"e:\毕设\mayi\MAYI_UI\src\App.vue", "Vue", 0, 16, 0, 0, 0, 0, 0, 0, 3, 19
"e:\毕设\mayi\MAYI_UI\src\assets\quasar-logo-vertical.svg", "XML", 0, 0, 0, 0, 0, 0, 15, 0, 0, 15
"e:\毕设\mayi\MAYI_UI\src\boot\axios.js", "JavaScript", 8, 0, 0, 0, 0, 0, 0, 11, 6, 25
"e:\毕设\mayi\MAYI_UI\src\boot\i18n.js", "JavaScript", 11, 0, 0, 0, 0, 0, 0, 1, 3, 15
"e:\毕设\mayi\MAYI_UI\src\components\EssentialLink.vue", "Vue", 0, 43, 0, 0, 0, 0, 0, 0, 7, 50
"e:\毕设\mayi\MAYI_UI\src\css\app.scss", "SCSS", 0, 0, 0, 0, 0, 0, 0, 1, 1, 2
"e:\毕设\mayi\MAYI_UI\src\css\dailylist.css", "CSS", 0, 0, 0, 0, 86, 0, 0, 0, 17, 103
"e:\毕设\mayi\MAYI_UI\src\css\login.css", "CSS", 0, 0, 0, 0, 64, 0, 0, 0, 9, 73
"e:\毕设\mayi\MAYI_UI\src\css\loginlayout.css", "CSS", 0, 0, 0, 0, 19, 0, 0, 0, 3, 22
"e:\毕设\mayi\MAYI_UI\src\css\personal.css", "CSS", 0, 0, 0, 0, 25, 0, 0, 0, 5, 30
"e:\毕设\mayi\MAYI_UI\src\css\quasar.variables.scss", "SCSS", 0, 0, 0, 0, 0, 9, 0, 10, 7, 26
"e:\毕设\mayi\MAYI_UI\src\css\register.css", "CSS", 0, 0, 0, 0, 59, 0, 0, 0, 8, 67
"e:\毕设\mayi\MAYI_UI\src\i18n\en-US\index.js", "JavaScript", 4, 0, 0, 0, 0, 0, 0, 2, 2, 8
"e:\毕设\mayi\MAYI_UI\src\i18n\index.js", "JavaScript", 4, 0, 0, 0, 0, 0, 0, 0, 2, 6
"e:\毕设\mayi\MAYI_UI\src\index.template.html", "HTML", 0, 0, 0, 19, 0, 0, 0, 1, 3, 23
"e:\毕设\mayi\MAYI_UI\src\js\daily\dailydrawer.js", "JavaScript", 28, 0, 0, 0, 0, 0, 0, 0, 1, 29
"e:\毕设\mayi\MAYI_UI\src\js\daily\dailylist.js", "JavaScript", 101, 0, 0, 0, 0, 0, 0, 0, 2, 103
"e:\毕设\mayi\MAYI_UI\src\js\login.js", "JavaScript", 37, 0, 0, 0, 0, 0, 0, 2, 1, 40
"e:\毕设\mayi\MAYI_UI\src\js\loginlayout.js", "JavaScript", 11, 0, 0, 0, 0, 0, 0, 0, 1, 12
"e:\毕设\mayi\MAYI_UI\src\js\mainlayout.js", "JavaScript", 14, 0, 0, 0, 0, 0, 0, 0, 1, 15
"e:\毕设\mayi\MAYI_UI\src\js\personal.js", "JavaScript", 17, 0, 0, 0, 0, 0, 0, 0, 2, 19
"e:\毕设\mayi\MAYI_UI\src\js\personal\about.js", "JavaScript", 0, 0, 0, 0, 0, 0, 0, 0, 1, 1
"e:\毕设\mayi\MAYI_UI\src\js\personal\info.js", "JavaScript", 11, 0, 0, 0, 0, 0, 0, 0, 2, 13
"e:\毕设\mayi\MAYI_UI\src\js\personal\push.js", "JavaScript", 0, 0, 0, 0, 0, 0, 0, 0, 1, 1
"e:\毕设\mayi\MAYI_UI\src\js\personal\security.js", "JavaScript", 0, 0, 0, 0, 0, 0, 0, 0, 1, 1
"e:\毕设\mayi\MAYI_UI\src\js\register.js", "JavaScript", 70, 0, 0, 0, 0, 0, 0, 0, 1, 71
"e:\毕设\mayi\MAYI_UI\src\js\userlayout.js", "JavaScript", 39, 0, 0, 0, 0, 0, 0, 0, 1, 40
"e:\毕设\mayi\MAYI_UI\src\js\utils\AxiosConfig.js", "JavaScript", 105, 0, 0, 0, 0, 0, 0, 0, 8, 113
"e:\毕设\mayi\MAYI_UI\src\js\utils\timeUtils.js", "JavaScript", 36, 0, 0, 0, 0, 0, 0, 10, 5, 51
"e:\毕设\mayi\MAYI_UI\src\layouts\LoginLayout.vue", "Vue", 0, 29, 0, 0, 0, 0, 0, 1, 3, 33
"e:\毕设\mayi\MAYI_UI\src\layouts\MainLayout.vue", "Vue", 0, 45, 0, 0, 0, 0, 0, 0, 4, 49
"e:\毕设\mayi\MAYI_UI\src\layouts\UserLayout.vue", "Vue", 0, 33, 0, 0, 0, 0, 0, 0, 3, 36
"e:\毕设\mayi\MAYI_UI\src\pages\Daily\DailyList.vue", "Vue", 0, -1, 0, 0, 0, 0, 0, 0, 0, -1
"e:\毕设\mayi\MAYI_UI\src\pages\Daily\Review.vue", "Vue", 0, 37, 0, 0, 0, 0, 0, 0, 7, 44
"e:\毕设\mayi\MAYI_UI\src\pages\Personal\About.vue", "Vue", 0, 6, 0, 0, 0, 0, 0, 0, 2, 8
"e:\毕设\mayi\MAYI_UI\src\pages\Personal\Info.vue", "Vue", 0, 28, 0, 0, 0, 0, 0, 0, -2, 26
"e:\毕设\mayi\MAYI_UI\src\pages\Personal\Personal.vue", "Vue", 0, 1, 0, 0, 0, 0, 0, 3, 4, 8
"e:\毕设\mayi\MAYI_UI\src\pages\Personal\Push.vue", "Vue", 0, 11, 0, 0, 0, 0, 0, 0, 2, 13
"e:\毕设\mayi\MAYI_UI\src\pages\Personal\Review.vue", "Vue", 0, -37, 0, 0, 0, 0, 0, 0, -7, -44
"e:\毕设\mayi\MAYI_UI\src\pages\Personal\Security.vue", "Vue", 0, 46, 0, 0, 0, 0, 0, 0, 4, 50
"e:\毕设\mayi\MAYI_UI\src\router\index.js", "JavaScript", 14, 0, 0, 0, 0, 0, 0, 11, 6, 31
"e:\毕设\mayi\MAYI_UI\src\router\routes.js", "JavaScript", 64, 0, 0, 0, 0, 0, 0, 2, 3, 69
"e:\毕设\mayi\MAYI_UI\src\stores\example-store.js", "JavaScript", 14, 0, 0, 0, 0, 0, 0, 0, 2, 16
"e:\毕设\mayi\MAYI_UI\src\stores\index.js", "JavaScript", 6, 0, 0, 0, 0, 0, 0, 10, 5, 21
"e:\毕设\mayi\MAYI_UI\src\stores\store-flag.d.ts", "TypeScript", 0, 0, 6, 0, 0, 0, 0, 3, 2, 11
"Total", "-", 594, 257, 6, 19, 253, 9, 15, 68, 142, 1363